[{"id":"14563674-6a29-4018-a5e6-ec060f23e401","file_name":"freeimage-7007551-web.jpg","title":null,"size":296897,"type":"image/jpeg","url":"https://assets-eu-01.kc-usercontent.com/5ac93d1e-567d-01e6-e3b7-ac435f77b907/ff2ac430-077f-4db1-afb7-2a9bc8718989/freeimage-7007551-web.jpg","image_width":800,"image_height":666,"file_reference":{"id":"ff2ac430-077f-4db1-afb7-2a9bc8718989","type":"internal"},"descriptions":[{"language":{"id":"00000000-0000-0000-0000-000000000000"},"description":null},{"language":{"id":"196e4654-1636-4c74-a130-fd4813d84bcd"},"description":null},{"language":{"id":"c2df3ce5-1dc3-478b-a9cf-eb567b917c94"},"description":null}],"last_modified":"2018-05-29T13:41:48.6010655Z"},{"id":"15c3f45c-c02f-42f5-8f0e-fadb10ef74c4","file_name":"simpleux-portfolio-website-template.jpg","title":null,"size":125681,"type":"image/jpeg","url":"https://assets-eu-01.kc-usercontent.com/5ac93d1e-567d-01e6-e3b7-ac435f77b907/26b473a3-6a4a-411c-a53d-647193cafade/simpleux-portfolio-website-template.jpg","image_width":1100,"image_height":868,"file_reference":{"id":"26b473a3-6a4a-411c-a53d-647193cafade","type":"internal"},"descriptions":[{"language":{"id":"00000000-0000-0000-0000-000000000000"},"description":null},{"language":{"id":"196e4654-1636-4c74-a130-fd4813d84bcd"},"description":null},{"language":{"id":"c2df3ce5-1dc3-478b-a9cf-eb567b917c94"},"description":null}],"last_modified":"2018-11-05T16:40:19.8542402Z"},{"id":"2e203418-9cb8-48e8-9f36-a6aae85cdc24","file_name":"fcyTulxr.jpg","title":null,"size":25999,"type":"image/jpeg","url":"https://assets-eu-01.kc-usercontent.com/5ac93d1e-567d-01e6-e3b7-ac435f77b907/05093b4e-cb02-4295-be70-2dac3f11c343/fcyTulxr.jpg","image_width":600,"image_height":314,"file_reference":{"id":"05093b4e-cb02-4295-be70-2dac3f11c343","type":"internal"},"descriptions":[{"language":{"id":"00000000-0000-0000-0000-000000000000"},"description":null},{"language":{"id":"196e4654-1636-4c74-a130-fd4813d84bcd"},"description":null},{"language":{"id":"c2df3ce5-1dc3-478b-a9cf-eb567b917c94"},"description":null}],"last_modified":"2018-11-05T16:38:05.9762673Z"},{"id":"61bdfb39-cef7-4c16-9dc4-96c6be813aec","file_name":"structured-rich-text-rendering-in-mvc---blog-post-image@2x_t.png","title":"Info-graphics","size":62913,"type":"image/png","url":"https://assets-eu-01.kc-usercontent.com/5ac93d1e-567d-01e6-e3b7-ac435f77b907/542de4d6-beca-41d0-a842-ebfd390792c6/structured-rich-text-rendering-in-mvc---blog-post-image%402x_t.png","image_width":3840,"image_height":1600,"file_reference":{"id":"542de4d6-beca-41d0-a842-ebfd390792c6","type":"internal"},"descriptions":[{"language":{"id":"00000000-0000-0000-0000-000000000000"},"description":"Coffee dripper with the content papers "},{"language":{"id":"196e4654-1636-4c74-a130-fd4813d84bcd"},"description":null},{"language":{"id":"c2df3ce5-1dc3-478b-a9cf-eb567b917c94"},"description":null}],"last_modified":"2020-05-12T05:51:22.2093363Z"},{"id":"6e8a1d49-7a73-4ad5-bab6-cb958fad9bd2","file_name":"managing-navigation-menus---blog-post-image@2x_t.png","title":null,"size":46985,"type":"image/png","url":"https://assets-eu-01.kc-usercontent.com/5ac93d1e-567d-01e6-e3b7-ac435f77b907/32d8f052-923a-4d89-b07c-bc64716e5b76/managing-navigation-menus---blog-post-image%402x_t.png","image_width":3840,"image_height":1600,"file_reference":{"id":"32d8f052-923a-4d89-b07c-bc64716e5b76","type":"internal"},"descriptions":[{"language":{"id":"00000000-0000-0000-0000-000000000000"},"description":null},{"language":{"id":"196e4654-1636-4c74-a130-fd4813d84bcd"},"description":null},{"language":{"id":"c2df3ce5-1dc3-478b-a9cf-eb567b917c94"},"description":null}],"last_modified":"2018-05-29T12:05:00.3309381Z"},{"id":"79bd9e11-f643-4cd6-9ea5-d1be17cf7de2","file_name":"clearing-cache-with-webhooks---blog-post-image@2x_t.png","title":"Webhooks graphics","size":46159,"type":"image/png","url":"https://assets-eu-01.kc-usercontent.com/5ac93d1e-567d-01e6-e3b7-ac435f77b907/f7a357f7-643a-4d2d-8078-0fc371914d25/clearing-cache-with-webhooks---blog-post-image%402x_t.png","image_width":3840,"image_height":1600,"file_reference":{"id":"f7a357f7-643a-4d2d-8078-0fc371914d25","type":"internal"},"descriptions":[{"language":{"id":"00000000-0000-0000-0000-000000000000"},"description":null},{"language":{"id":"196e4654-1636-4c74-a130-fd4813d84bcd"},"description":null},{"language":{"id":"c2df3ce5-1dc3-478b-a9cf-eb567b917c94"},"description":null}],"last_modified":"2020-05-12T05:48:52.9219827Z"},{"id":"c0f92b91-9921-43e3-978d-8c115ceff979","file_name":"freeimage-6729104-web.jpg","title":null,"size":360791,"type":"image/jpeg","url":"https://assets-eu-01.kc-usercontent.com/5ac93d1e-567d-01e6-e3b7-ac435f77b907/3c08c558-53fd-4b45-a9e5-a6822c4ebf00/freeimage-6729104-web.jpg","image_width":800,"image_height":600,"file_reference":{"id":"3c08c558-53fd-4b45-a9e5-a6822c4ebf00","type":"internal"},"descriptions":[{"language":{"id":"00000000-0000-0000-0000-000000000000"},"description":null},{"language":{"id":"196e4654-1636-4c74-a130-fd4813d84bcd"},"description":null},{"language":{"id":"c2df3ce5-1dc3-478b-a9cf-eb567b917c94"},"description":null}],"last_modified":"2018-05-29T13:40:15.7911634Z"},{"id":"d2b4bdb2-a586-45d8-9920-bc1dd6846498","file_name":"fcyTulxr.jpg","title":null,"size":25999,"type":"image/jpeg","url":"https://assets-eu-01.kc-usercontent.com/5ac93d1e-567d-01e6-e3b7-ac435f77b907/36cb3d1b-1aa7-4809-9606-82c3c0f00b7f/fcyTulxr.jpg","image_width":600,"image_height":314,"file_reference":{"id":"36cb3d1b-1aa7-4809-9606-82c3c0f00b7f","type":"internal"},"descriptions":[{"language":{"id":"00000000-0000-0000-0000-000000000000"},"description":null},{"language":{"id":"196e4654-1636-4c74-a130-fd4813d84bcd"},"description":null},{"language":{"id":"c2df3ce5-1dc3-478b-a9cf-eb567b917c94"},"description":null}],"last_modified":"2018-11-01T09:58:36.749548Z"}]