[{"id":"a8aa610f-33fd-456d-b44f-bc3bbcff34e3","codename":"speaking_engagement","last_modified":"2018-05-29T12:11:41.8670927Z","name":"Speaking engagement","content_groups":[],"elements":[{"maximum_text_length":null,"name":"Name","guidelines":null,"is_required":false,"type":"text","id":"b1abf3d3-e372-482c-95d5-94d9379aefeb","codename":"name"},{"name":"Date","guidelines":null,"is_required":true,"type":"date_time","id":"b1cd44e3-b4b9-4cd5-8e99-03504d285d17","codename":"date"},{"mode":"multiple","options":[{"id":"08edd601-4ab2-4f73-91d6-37707a0b5d44","codename":"online","name":"Online"},{"id":"c85a55b4-a33f-4dff-8c3f-c1be8009d14c","codename":"in_person","name":"In person"}],"name":"Format","guidelines":null,"is_required":true,"type":"multiple_choice","id":"93e2f6e2-41c1-4602-8b10-1e267f9b8b3d","codename":"format"},{"maximum_text_length":null,"name":"URL/location","guidelines":null,"is_required":false,"type":"text","id":"baaf3836-5aa7-4515-be42-0ee6b544b834","codename":"url_location"},{"depends_on":{"element":{"id":"b1abf3d3-e372-482c-95d5-94d9379aefeb"}},"name":"URL slug","guidelines":null,"is_required":true,"type":"url_slug","id":"5d84de58-5246-4817-a821-7a9f19076997","codename":"url_slug"}]},{"id":"9ea98d20-a477-455c-b30f-0e3b9d055795","codename":"project_reference","last_modified":"2019-07-26T09:55:17.694503Z","name":"Project reference","content_groups":[],"elements":[{"snippet":{"id":"c13f944d-f16e-4422-9ed4-80f2eb978606"},"type":"snippet","id":"f3ce7773-7455-4b00-a4bc-1709d280d772","codename":"name___teaser_image"},{"maximum_text_length":null,"name":"URL","guidelines":"URL of the project.","is_required":false,"type":"text","id":"5825ac33-4445-4db3-a785-a1bce789d462","codename":"url"},{"name":"Started at","guidelines":null,"is_required":false,"type":"date_time","id":"7d59d872-b793-42f9-942a-e8404070d0ba","codename":"started_at"},{"name":"Finished at","guidelines":null,"is_required":false,"type":"date_time","id":"dbc0260e-946d-4642-8f84-b8a48c064cdb","codename":"finished_at"},{"item_count_limit":null,"allowed_content_types":[],"name":"Related project references","guidelines":null,"is_required":false,"type":"modular_content","id":"3f76446a-5a14-458a-8495-8785d86d9b9d","codename":"related_project_references"},{"depends_on":{"snippet":{"id":"c13f944d-f16e-4422-9ed4-80f2eb978606"},"element":{"id":"af32d471-174b-42ad-a3e4-768ab6301703"}},"name":"URL slug","guidelines":null,"is_required":true,"type":"url_slug","id":"f7b93675-a807-406c-a3ba-d03dfbe14a63","codename":"url_slug"},{"maximum_text_length":null,"maximum_image_size":null,"allowed_content_types":[],"image_width_limit":null,"image_height_limit":null,"allowed_image_types":"any","allowed_blocks":[],"allowed_formatting":[],"allowed_text_blocks":[],"name":"Summary","guidelines":null,"is_required":false,"type":"rich_text","id":"8d7fe592-b599-4aa0-b890-8f6f23478674","codename":"summary"}]},{"id":"ba2ac03b-1c32-45a0-af2c-a63f6a39b277","codename":"component_only_type","last_modified":"2018-10-31T16:07:07.9631005Z","name":"Component-only type","content_groups":[],"elements":[{"maximum_text_length":null,"name":"Text element","guidelines":null,"is_required":false,"type":"text","id":"b10ec35d-4ef1-4b9c-b973-3addcc42f7cf","codename":"text_element"},{"name":"Number element","guidelines":null,"is_required":false,"type":"number","id":"4e98795e-f04f-4c5d-b65b-b82dbd2afff9","codename":"number_element"},{"item_count_limit":null,"allowed_content_types":[],"name":"Linked items element","guidelines":null,"is_required":false,"type":"modular_content","id":"d89ff0c7-89c4-48f8-b4ef-c14f6027902a","codename":"linked_items_element"},{"maximum_text_length":null,"maximum_image_size":null,"allowed_content_types":[],"image_width_limit":null,"image_height_limit":null,"allowed_image_types":"any","allowed_blocks":[],"allowed_formatting":[],"allowed_text_blocks":[],"name":"Rich text element","guidelines":null,"is_required":false,"type":"rich_text","id":"70f52931-d4d7-48a4-af3f-2effa6ac4625","codename":"rich_text_element"}]},{"id":"be518cb2-4a5b-489c-b28d-86da66102935","codename":"component_using_content_type","last_modified":"2018-10-31T16:07:42.4707263Z","name":"Component-using content type","content_groups":[],"elements":[{"maximum_text_length":null,"maximum_image_size":null,"allowed_content_types":[],"image_width_limit":null,"image_height_limit":null,"allowed_image_types":"any","allowed_blocks":[],"allowed_formatting":[],"allowed_text_blocks":[],"name":"Component-containing rich text element","guidelines":null,"is_required":false,"type":"rich_text","id":"9b0b0570-0060-470e-8e8c-1f822f0a6b65","codename":"component_containing_rich_text_element"}]},{"id":"a8277e06-a3a7-4038-852f-90765744ad26","codename":"blogpost_reference","last_modified":"2018-09-06T14:21:47.1529204Z","name":"Blogpost reference","content_groups":[],"elements":[{"snippet":{"id":"c13f944d-f16e-4422-9ed4-80f2eb978606"},"type":"snippet","id":"8966546d-26fd-4ffb-b457-a471687cdedb","codename":"name___teaser_image"},{"name":"Date","guidelines":null,"is_required":true,"type":"date_time","id":"d1d79259-1d41-4e3c-ac60-76f286dd4737","codename":"date"},{"maximum_text_length":null,"name":"URL","guidelines":"URL of the blog post.","is_required":false,"type":"text","id":"837a485d-7a72-4ed3-980c-23e75aab826a","codename":"url"},{"maximum_text_length":null,"maximum_image_size":null,"allowed_content_types":[],"image_width_limit":null,"image_height_limit":null,"allowed_image_types":"any","allowed_blocks":[],"allowed_formatting":[],"allowed_text_blocks":[],"name":"Summary","guidelines":null,"is_required":false,"type":"rich_text","id":"b04cfdf9-b08a-4baa-ac66-40b9e05c4194","codename":"summary"}]}]