[{"id":"c13f944d-f16e-4422-9ed4-80f2eb978606","codename":"name___teaser_image","last_modified":"2018-05-29T11:56:52.1271191Z","name":"Name & teaser image","elements":[{"maximum_text_length":null,"name":"Name","guidelines":null,"is_required":false,"type":"text","id":"af32d471-174b-42ad-a3e4-768ab6301703","codename":"name___teaser_image__name"},{"asset_count_limit":null,"maximum_file_size":null,"allowed_file_types":"any","image_width_limit":null,"image_height_limit":null,"name":"Teaser image","guidelines":null,"is_required":false,"type":"asset","id":"5ef46717-4d44-43b7-86c9-34f98e0ad916","codename":"name___teaser_image__teaser_image"}]}]