[{"id":"01e4b5f7-c113-4374-9f8b-81aa772e1ac8","name":"Managing Navigation Menus in Kentico Kontent","codename":"managing_navigation_menus_in_kentico_cloud","type":{"id":"a8277e06-a3a7-4038-852f-90765744ad26"},"sitemap_locations":[],"last_modified":"2020-05-12T05:52:59.3130885Z"},{"id":"1fbe60c0-f12d-4510-930b-816b23b150d5","name":"Project reference 5","codename":"project_reference_5","type":{"id":"9ea98d20-a477-455c-b30f-0e3b9d055795"},"sitemap_locations":[],"last_modified":"2018-11-05T17:15:33.5286748Z"},{"id":"24d73f5b-6704-407d-b2a1-5a4bd7212200","name":"Project reference 2","codename":"project_reference_2","type":{"id":"9ea98d20-a477-455c-b30f-0e3b9d055795"},"sitemap_locations":[],"last_modified":"2018-05-29T12:17:30.9253808Z"},{"id":"25b9cca5-3350-4788-9be2-c989f2ff79d0","name":"Clearing Obsolete Cache Entries with Webhooks","codename":"clearing_obsolete_cache_entries_with_webhooks","type":{"id":"a8277e06-a3a7-4038-852f-90765744ad26"},"sitemap_locations":[],"last_modified":"2018-05-29T12:07:11.6888452Z"},{"id":"48111c39-d601-4dca-8ab3-d950451165f7","name":"Online webinar","codename":"online_webinar","type":{"id":"a8aa610f-33fd-456d-b44f-bc3bbcff34e3"},"sitemap_locations":[],"last_modified":"2018-05-29T12:12:57.6326662Z"},{"id":"7e70cb89-9281-4db9-8130-36076ee1e698","name":"Project reference 1","codename":"project_reference_1","type":{"id":"9ea98d20-a477-455c-b30f-0e3b9d055795"},"sitemap_locations":[],"last_modified":"2018-05-29T12:14:39.1026122Z"},{"id":"b91ab6b9-f974-439d-8eca-b13054e515ab","name":"Project reference 4","codename":"project_reference_4","type":{"id":"9ea98d20-a477-455c-b30f-0e3b9d055795"},"sitemap_locations":[],"last_modified":"2018-11-05T16:39:31.6019676Z"},{"id":"c559a4a9-ce8c-4e2a-838b-c169829602b4","name":"Structured Rich Text Rendering in MVC","codename":"structured_rich_text_rendering_in_mvc","type":{"id":"a8277e06-a3a7-4038-852f-90765744ad26"},"sitemap_locations":[],"last_modified":"2018-05-29T12:08:01.0879487Z"},{"id":"d5292758-7459-4c10-9807-9e56afad3e33","name":"Project reference 3","codename":"project_reference_3","type":{"id":"9ea98d20-a477-455c-b30f-0e3b9d055795"},"sitemap_locations":[],"last_modified":"2018-11-05T16:37:56.9033412Z"},{"id":"f75773ed-b44a-40fa-80dc-7c0f3421d2c1","name":"Local user group meeting","codename":"local_user_group_meeting","type":{"id":"a8aa610f-33fd-456d-b44f-bc3bbcff34e3"},"sitemap_locations":[],"last_modified":"2018-05-29T12:13:45.291575Z"},{"id":"a5f68d0f-6c6c-4845-b4d4-6bda702f0c1c","name":"Kentico Kontent Completes SOC 2 Type 2 Examination","codename":"kentico_kontent_completes_soc_2_type_2_examination","type":{"id":"a8277e06-a3a7-4038-852f-90765744ad26"},"sitemap_locations":[],"last_modified":"2020-05-12T05:56:17.9266437Z"},{"id":"82e8ac7f-4315-41ae-81a4-a1b4eb1e0406","name":"The Rise of JAMstack","codename":"the_rise_of_jamstack","type":{"id":"a8277e06-a3a7-4038-852f-90765744ad26"},"sitemap_locations":[],"last_modified":"2020-05-12T05:58:09.3814319Z"}]