[{"elements":[{"element":{"id":"af32d471-174b-42ad-a3e4-768ab6301703"},"value":"Managing Navigation Menus in Kentico Kontent"},{"element":{"id":"5ef46717-4d44-43b7-86c9-34f98e0ad916"},"value":[{"id":"6e8a1d49-7a73-4ad5-bab6-cb958fad9bd2"}]},{"element":{"id":"d1d79259-1d41-4e3c-ac60-76f286dd4737"},"value":"2017-08-01T00:00:00Z"},{"element":{"id":"837a485d-7a72-4ed3-980c-23e75aab826a"},"value":"https://kontent.ai/blog/managing-navigation-menus-in-kentico-cloud"},{"components":[],"element":{"id":"b04cfdf9-b08a-4baa-ac66-40b9e05c4194"},"value":"<p>Praesent nec nisl a purus blandit viverra. Nam pretium turpis et arcu. Sed magna purus, fermentum eu, tincidunt eu, varius ut, felis. Aenean leo ligula, porttitor eu, consequat vitae, eleifend ac, enim. Pellentesque egestas, neque sit amet convallis pulvinar, justo nulla eleifend augue, ac auctor orci leo non est.</p>"}],"workflow_step":{"id":"7a535a69-ad34-47f8-806a-def1fdf4d391"},"item":{"id":"01e4b5f7-c113-4374-9f8b-81aa772e1ac8"},"language":{"id":"00000000-0000-0000-0000-000000000000"},"last_modified":"2020-05-12T05:53:32.2342481Z"},{"elements":[{"element":{"id":"af32d471-174b-42ad-a3e4-768ab6301703"},"value":"Verwaltung von Navigationsmenüs im Kentico Cloud"},{"element":{"id":"5ef46717-4d44-43b7-86c9-34f98e0ad916"},"value":[{"id":"6e8a1d49-7a73-4ad5-bab6-cb958fad9bd2"}]},{"element":{"id":"d1d79259-1d41-4e3c-ac60-76f286dd4737"},"value":"2017-08-01T00:00:00Z"},{"element":{"id":"837a485d-7a72-4ed3-980c-23e75aab826a"},"value":"https://kenticocloud.com/blog/managing-navigation-menus-in-kentico-cloud"},{"components":[],"element":{"id":"b04cfdf9-b08a-4baa-ac66-40b9e05c4194"},"value":"<p>Lorem ipsum dolor sit amet.</p>\n<object type=\"application/kenticocloud\" data-type=\"item\" data-id=\"c559a4a9-ce8c-4e2a-838b-c169829602b4\"></object>"}],"workflow_step":{"id":"7795f6b5-9a62-44bb-8a6a-73c294125aee"},"item":{"id":"01e4b5f7-c113-4374-9f8b-81aa772e1ac8"},"language":{"id":"196e4654-1636-4c74-a130-fd4813d84bcd"},"last_modified":"2018-09-13T16:28:07.3670387Z"},{"elements":[{"element":{"id":"af32d471-174b-42ad-a3e4-768ab6301703"},"value":"Správa navigačních menu v Kentico Cloudu"},{"element":{"id":"5ef46717-4d44-43b7-86c9-34f98e0ad916"},"value":[{"id":"6e8a1d49-7a73-4ad5-bab6-cb958fad9bd2"}]},{"element":{"id":"d1d79259-1d41-4e3c-ac60-76f286dd4737"},"value":"2017-08-01T00:00:00Z"},{"element":{"id":"837a485d-7a72-4ed3-980c-23e75aab826a"},"value":"https://kenticocloud.com/blog/managing-navigation-menus-in-kentico-cloud"},{"components":[],"element":{"id":"b04cfdf9-b08a-4baa-ac66-40b9e05c4194"},"value":"<p>Lorem ipsum dolor sit amet.</p>\n<object type=\"application/kenticocloud\" data-type=\"item\" data-id=\"c559a4a9-ce8c-4e2a-838b-c169829602b4\"></object>"}],"workflow_step":{"id":"7795f6b5-9a62-44bb-8a6a-73c294125aee"},"item":{"id":"01e4b5f7-c113-4374-9f8b-81aa772e1ac8"},"language":{"id":"c2df3ce5-1dc3-478b-a9cf-eb567b917c94"},"last_modified":"2018-09-13T16:28:43.6424515Z"},{"elements":[{"element":{"id":"af32d471-174b-42ad-a3e4-768ab6301703"},"value":"Project reference 5"},{"element":{"id":"5ef46717-4d44-43b7-86c9-34f98e0ad916"},"value":[]},{"element":{"id":"5825ac33-4445-4db3-a785-a1bce789d462"},"value":""},{"element":{"id":"7d59d872-b793-42f9-942a-e8404070d0ba"},"value":null},{"element":{"id":"dbc0260e-946d-4642-8f84-b8a48c064cdb"},"value":null},{"element":{"id":"3f76446a-5a14-458a-8495-8785d86d9b9d"},"value":[{"id":"7e70cb89-9281-4db9-8130-36076ee1e698"}]},{"mode":"autogenerated","element":{"id":"f7b93675-a807-406c-a3ba-d03dfbe14a63"},"value":"project-reference-5"},{"components":[],"element":{"id":"8d7fe592-b599-4aa0-b890-8f6f23478674"},"value":"<p><br/></p>"}],"workflow_step":{"id":"78b32bea-0b6a-425b-8e4a-bf15d21ebac2"},"item":{"id":"1fbe60c0-f12d-4510-930b-816b23b150d5"},"language":{"id":"00000000-0000-0000-0000-000000000000"},"last_modified":"2018-11-05T17:17:18.9945935Z"},{"elements":[{"element":{"id":"af32d471-174b-42ad-a3e4-768ab6301703"},"value":"Project reference 2"},{"element":{"id":"5ef46717-4d44-43b7-86c9-34f98e0ad916"},"value":[{"id":"14563674-6a29-4018-a5e6-ec060f23e401"}]},{"element":{"id":"5825ac33-4445-4db3-a785-a1bce789d462"},"value":"https://example.com"},{"element":{"id":"7d59d872-b793-42f9-942a-e8404070d0ba"},"value":null},{"element":{"id":"dbc0260e-946d-4642-8f84-b8a48c064cdb"},"value":"2018-10-31T00:00:00Z"},{"element":{"id":"3f76446a-5a14-458a-8495-8785d86d9b9d"},"value":[]},{"mode":"autogenerated","element":{"id":"f7b93675-a807-406c-a3ba-d03dfbe14a63"},"value":"project-reference-2"},{"components":[],"element":{"id":"8d7fe592-b599-4aa0-b890-8f6f23478674"},"value":"<p><br/></p>"}],"workflow_step":{"id":"7795f6b5-9a62-44bb-8a6a-73c294125aee"},"item":{"id":"24d73f5b-6704-407d-b2a1-5a4bd7212200"},"language":{"id":"00000000-0000-0000-0000-000000000000"},"last_modified":"2018-11-08T14:14:25.4432656Z"},{"elements":[{"element":{"id":"af32d471-174b-42ad-a3e4-768ab6301703"},"value":"Projektreferenz 2"},{"element":{"id":"5ef46717-4d44-43b7-86c9-34f98e0ad916"},"value":[{"id":"14563674-6a29-4018-a5e6-ec060f23e401"}]},{"element":{"id":"5825ac33-4445-4db3-a785-a1bce789d462"},"value":"https://example.com"},{"element":{"id":"7d59d872-b793-42f9-942a-e8404070d0ba"},"value":null},{"element":{"id":"dbc0260e-946d-4642-8f84-b8a48c064cdb"},"value":null},{"element":{"id":"3f76446a-5a14-458a-8495-8785d86d9b9d"},"value":[]},{"mode":"autogenerated","element":{"id":"f7b93675-a807-406c-a3ba-d03dfbe14a63"},"value":"projektreferenz-2"},{"components":[],"element":{"id":"8d7fe592-b599-4aa0-b890-8f6f23478674"},"value":"<p><br/></p>"}],"workflow_step":{"id":"7795f6b5-9a62-44bb-8a6a-73c294125aee"},"item":{"id":"24d73f5b-6704-407d-b2a1-5a4bd7212200"},"language":{"id":"196e4654-1636-4c74-a130-fd4813d84bcd"},"last_modified":"2018-08-21T08:58:35.0553163Z"},{"elements":[{"element":{"id":"af32d471-174b-42ad-a3e4-768ab6301703"},"value":"Reference projektu 2"},{"element":{"id":"5ef46717-4d44-43b7-86c9-34f98e0ad916"},"value":[{"id":"14563674-6a29-4018-a5e6-ec060f23e401"}]},{"element":{"id":"5825ac33-4445-4db3-a785-a1bce789d462"},"value":"https://example.com"},{"element":{"id":"7d59d872-b793-42f9-942a-e8404070d0ba"},"value":null},{"element":{"id":"dbc0260e-946d-4642-8f84-b8a48c064cdb"},"value":null},{"element":{"id":"3f76446a-5a14-458a-8495-8785d86d9b9d"},"value":[]},{"mode":"autogenerated","element":{"id":"f7b93675-a807-406c-a3ba-d03dfbe14a63"},"value":"reference-projektu-2"},{"components":[],"element":{"id":"8d7fe592-b599-4aa0-b890-8f6f23478674"},"value":"<p><br/></p>"}],"workflow_step":{"id":"7795f6b5-9a62-44bb-8a6a-73c294125aee"},"item":{"id":"24d73f5b-6704-407d-b2a1-5a4bd7212200"},"language":{"id":"c2df3ce5-1dc3-478b-a9cf-eb567b917c94"},"last_modified":"2018-09-06T12:56:35.9196346Z"},{"elements":[{"element":{"id":"af32d471-174b-42ad-a3e4-768ab6301703"},"value":"Clearing Obsolete Cache Entries with Webhooks"},{"element":{"id":"5ef46717-4d44-43b7-86c9-34f98e0ad916"},"value":[{"id":"79bd9e11-f643-4cd6-9ea5-d1be17cf7de2"}]},{"element":{"id":"d1d79259-1d41-4e3c-ac60-76f286dd4737"},"value":"2017-09-21T00:00:00Z"},{"element":{"id":"837a485d-7a72-4ed3-980c-23e75aab826a"},"value":"https://kontent.ai/blog/clearing-obsolete-cache-entries-with-webhooks"},{"components":[],"element":{"id":"b04cfdf9-b08a-4baa-ac66-40b9e05c4194"},"value":"<p>Lorem ipsum dolor sit amet.</p>"}],"workflow_step":{"id":"7a535a69-ad34-47f8-806a-def1fdf4d391"},"item":{"id":"25b9cca5-3350-4788-9be2-c989f2ff79d0"},"language":{"id":"00000000-0000-0000-0000-000000000000"},"last_modified":"2020-05-12T05:48:09.8325103Z"},{"elements":[{"element":{"id":"af32d471-174b-42ad-a3e4-768ab6301703"},"value":"Löschung der veralteten Cache-Einträge mit Webhooks"},{"element":{"id":"5ef46717-4d44-43b7-86c9-34f98e0ad916"},"value":[{"id":"79bd9e11-f643-4cd6-9ea5-d1be17cf7de2"},{"id":"d2b4bdb2-a586-45d8-9920-bc1dd6846498"}]},{"element":{"id":"d1d79259-1d41-4e3c-ac60-76f286dd4737"},"value":"2017-09-21T00:00:00Z"},{"element":{"id":"837a485d-7a72-4ed3-980c-23e75aab826a"},"value":"https://kenticocloud.com/blog/clearing-obsolete-cache-entries-with-webhooks"},{"components":[],"element":{"id":"b04cfdf9-b08a-4baa-ac66-40b9e05c4194"},"value":"<p>Lorem ipsum dolor sit amet.</p>\n<object type=\"application/kenticocloud\" data-type=\"item\" data-id=\"01e4b5f7-c113-4374-9f8b-81aa772e1ac8\"></object>"}],"workflow_step":{"id":"7795f6b5-9a62-44bb-8a6a-73c294125aee"},"item":{"id":"25b9cca5-3350-4788-9be2-c989f2ff79d0"},"language":{"id":"196e4654-1636-4c74-a130-fd4813d84bcd"},"last_modified":"2018-11-01T09:58:56.8281459Z"},{"elements":[{"element":{"id":"af32d471-174b-42ad-a3e4-768ab6301703"},"value":"Odstraňování položek cache pomocí webhooků"},{"element":{"id":"5ef46717-4d44-43b7-86c9-34f98e0ad916"},"value":[{"id":"79bd9e11-f643-4cd6-9ea5-d1be17cf7de2"},{"id":"d2b4bdb2-a586-45d8-9920-bc1dd6846498"}]},{"element":{"id":"d1d79259-1d41-4e3c-ac60-76f286dd4737"},"value":"2017-09-21T00:00:00Z"},{"element":{"id":"837a485d-7a72-4ed3-980c-23e75aab826a"},"value":"https://kenticocloud.com/blog/clearing-obsolete-cache-entries-with-webhooks"},{"components":[],"element":{"id":"b04cfdf9-b08a-4baa-ac66-40b9e05c4194"},"value":"<p>Lorem ipsum dolor sit amet.</p>\n<object type=\"application/kenticocloud\" data-type=\"item\" data-id=\"01e4b5f7-c113-4374-9f8b-81aa772e1ac8\"></object>"}],"workflow_step":{"id":"7795f6b5-9a62-44bb-8a6a-73c294125aee"},"item":{"id":"25b9cca5-3350-4788-9be2-c989f2ff79d0"},"language":{"id":"c2df3ce5-1dc3-478b-a9cf-eb567b917c94"},"last_modified":"2018-11-01T09:59:09.0387285Z"},{"elements":[{"element":{"id":"b1abf3d3-e372-482c-95d5-94d9379aefeb"},"value":"Online webinar"},{"element":{"id":"b1cd44e3-b4b9-4cd5-8e99-03504d285d17"},"value":"2018-06-01T00:00:00Z"},{"element":{"id":"93e2f6e2-41c1-4602-8b10-1e267f9b8b3d"},"value":[{"id":"08edd601-4ab2-4f73-91d6-37707a0b5d44"}]},{"element":{"id":"baaf3836-5aa7-4515-be42-0ee6b544b834"},"value":"https://example.com"},{"mode":"autogenerated","element":{"id":"5d84de58-5246-4817-a821-7a9f19076997"},"value":"online-webinar"}],"workflow_step":{"id":"7795f6b5-9a62-44bb-8a6a-73c294125aee"},"item":{"id":"48111c39-d601-4dca-8ab3-d950451165f7"},"language":{"id":"00000000-0000-0000-0000-000000000000"},"last_modified":"2018-05-29T12:17:17.5298976Z"},{"elements":[{"element":{"id":"b1abf3d3-e372-482c-95d5-94d9379aefeb"},"value":"Online-Webinar"},{"element":{"id":"b1cd44e3-b4b9-4cd5-8e99-03504d285d17"},"value":"2018-06-01T00:00:00Z"},{"element":{"id":"93e2f6e2-41c1-4602-8b10-1e267f9b8b3d"},"value":[{"id":"08edd601-4ab2-4f73-91d6-37707a0b5d44"}]},{"element":{"id":"baaf3836-5aa7-4515-be42-0ee6b544b834"},"value":"https://example.com"},{"mode":"autogenerated","element":{"id":"5d84de58-5246-4817-a821-7a9f19076997"},"value":"online-webinar"}],"workflow_step":{"id":"7795f6b5-9a62-44bb-8a6a-73c294125aee"},"item":{"id":"48111c39-d601-4dca-8ab3-d950451165f7"},"language":{"id":"196e4654-1636-4c74-a130-fd4813d84bcd"},"last_modified":"2018-08-21T08:57:04.1883219Z"},{"elements":[{"element":{"id":"b1abf3d3-e372-482c-95d5-94d9379aefeb"},"value":"Online seminář"},{"element":{"id":"b1cd44e3-b4b9-4cd5-8e99-03504d285d17"},"value":"2018-06-01T00:00:00Z"},{"element":{"id":"93e2f6e2-41c1-4602-8b10-1e267f9b8b3d"},"value":[{"id":"08edd601-4ab2-4f73-91d6-37707a0b5d44"}]},{"element":{"id":"baaf3836-5aa7-4515-be42-0ee6b544b834"},"value":"https://example.com"},{"mode":"autogenerated","element":{"id":"5d84de58-5246-4817-a821-7a9f19076997"},"value":"online-seminar"}],"workflow_step":{"id":"7795f6b5-9a62-44bb-8a6a-73c294125aee"},"item":{"id":"48111c39-d601-4dca-8ab3-d950451165f7"},"language":{"id":"c2df3ce5-1dc3-478b-a9cf-eb567b917c94"},"last_modified":"2018-09-06T12:55:33.4821474Z"},{"elements":[{"element":{"id":"af32d471-174b-42ad-a3e4-768ab6301703"},"value":"Project reference 1"},{"element":{"id":"5ef46717-4d44-43b7-86c9-34f98e0ad916"},"value":[{"id":"c0f92b91-9921-43e3-978d-8c115ceff979"}]},{"element":{"id":"5825ac33-4445-4db3-a785-a1bce789d462"},"value":"https://example.com"},{"element":{"id":"7d59d872-b793-42f9-942a-e8404070d0ba"},"value":"2018-10-01T00:00:00Z"},{"element":{"id":"dbc0260e-946d-4642-8f84-b8a48c064cdb"},"value":"2018-10-31T00:00:00Z"},{"element":{"id":"3f76446a-5a14-458a-8495-8785d86d9b9d"},"value":[{"id":"24d73f5b-6704-407d-b2a1-5a4bd7212200"}]},{"mode":"autogenerated","element":{"id":"f7b93675-a807-406c-a3ba-d03dfbe14a63"},"value":"project-reference-1"},{"components":[],"element":{"id":"8d7fe592-b599-4aa0-b890-8f6f23478674"},"value":"<p><br/></p>"}],"workflow_step":{"id":"7795f6b5-9a62-44bb-8a6a-73c294125aee"},"item":{"id":"7e70cb89-9281-4db9-8130-36076ee1e698"},"language":{"id":"00000000-0000-0000-0000-000000000000"},"last_modified":"2018-11-08T14:13:34.8822336Z"},{"elements":[{"element":{"id":"af32d471-174b-42ad-a3e4-768ab6301703"},"value":"Projektreferenz 1"},{"element":{"id":"5ef46717-4d44-43b7-86c9-34f98e0ad916"},"value":[{"id":"c0f92b91-9921-43e3-978d-8c115ceff979"}]},{"element":{"id":"5825ac33-4445-4db3-a785-a1bce789d462"},"value":"https://example.com"},{"element":{"id":"7d59d872-b793-42f9-942a-e8404070d0ba"},"value":null},{"element":{"id":"dbc0260e-946d-4642-8f84-b8a48c064cdb"},"value":null},{"element":{"id":"3f76446a-5a14-458a-8495-8785d86d9b9d"},"value":[{"id":"24d73f5b-6704-407d-b2a1-5a4bd7212200"}]},{"mode":"autogenerated","element":{"id":"f7b93675-a807-406c-a3ba-d03dfbe14a63"},"value":"projektreferenz-1"},{"components":[],"element":{"id":"8d7fe592-b599-4aa0-b890-8f6f23478674"},"value":"<p><br/></p>"}],"workflow_step":{"id":"7795f6b5-9a62-44bb-8a6a-73c294125aee"},"item":{"id":"7e70cb89-9281-4db9-8130-36076ee1e698"},"language":{"id":"196e4654-1636-4c74-a130-fd4813d84bcd"},"last_modified":"2018-09-06T14:22:39.7818125Z"},{"elements":[{"element":{"id":"af32d471-174b-42ad-a3e4-768ab6301703"},"value":"Reference projektu 1"},{"element":{"id":"5ef46717-4d44-43b7-86c9-34f98e0ad916"},"value":[{"id":"c0f92b91-9921-43e3-978d-8c115ceff979"}]},{"element":{"id":"5825ac33-4445-4db3-a785-a1bce789d462"},"value":"https://example.com"},{"element":{"id":"7d59d872-b793-42f9-942a-e8404070d0ba"},"value":null},{"element":{"id":"dbc0260e-946d-4642-8f84-b8a48c064cdb"},"value":null},{"element":{"id":"3f76446a-5a14-458a-8495-8785d86d9b9d"},"value":[{"id":"24d73f5b-6704-407d-b2a1-5a4bd7212200"}]},{"mode":"autogenerated","element":{"id":"f7b93675-a807-406c-a3ba-d03dfbe14a63"},"value":"reference-projektu-1"},{"components":[],"element":{"id":"8d7fe592-b599-4aa0-b890-8f6f23478674"},"value":"<p><br/></p>"}],"workflow_step":{"id":"7795f6b5-9a62-44bb-8a6a-73c294125aee"},"item":{"id":"7e70cb89-9281-4db9-8130-36076ee1e698"},"language":{"id":"c2df3ce5-1dc3-478b-a9cf-eb567b917c94"},"last_modified":"2018-09-06T14:22:52.4491171Z"},{"elements":[{"element":{"id":"af32d471-174b-42ad-a3e4-768ab6301703"},"value":"Project reference 4"},{"element":{"id":"5ef46717-4d44-43b7-86c9-34f98e0ad916"},"value":[{"id":"15c3f45c-c02f-42f5-8f0e-fadb10ef74c4"}]},{"element":{"id":"5825ac33-4445-4db3-a785-a1bce789d462"},"value":""},{"element":{"id":"7d59d872-b793-42f9-942a-e8404070d0ba"},"value":null},{"element":{"id":"dbc0260e-946d-4642-8f84-b8a48c064cdb"},"value":null},{"element":{"id":"3f76446a-5a14-458a-8495-8785d86d9b9d"},"value":[{"id":"1fbe60c0-f12d-4510-930b-816b23b150d5"}]},{"mode":"autogenerated","element":{"id":"f7b93675-a807-406c-a3ba-d03dfbe14a63"},"value":"project-reference-4"},{"components":[],"element":{"id":"8d7fe592-b599-4aa0-b890-8f6f23478674"},"value":"<p><br/></p>"}],"workflow_step":{"id":"7795f6b5-9a62-44bb-8a6a-73c294125aee"},"item":{"id":"b91ab6b9-f974-439d-8eca-b13054e515ab"},"language":{"id":"00000000-0000-0000-0000-000000000000"},"last_modified":"2018-11-05T17:16:25.6336088Z"},{"elements":[{"element":{"id":"af32d471-174b-42ad-a3e4-768ab6301703"},"value":"Structured Rich Text Rendering in MVC"},{"element":{"id":"5ef46717-4d44-43b7-86c9-34f98e0ad916"},"value":[{"id":"61bdfb39-cef7-4c16-9dc4-96c6be813aec"}]},{"element":{"id":"d1d79259-1d41-4e3c-ac60-76f286dd4737"},"value":"2017-11-30T00:00:00Z"},{"element":{"id":"837a485d-7a72-4ed3-980c-23e75aab826a"},"value":"https://kontent.ai/blog/structured-rich-text-rendering-in-mvc"},{"components":[],"element":{"id":"b04cfdf9-b08a-4baa-ac66-40b9e05c4194"},"value":"<p>Maecenas tempus, tellus eget condimentum rhoncus, sem quam semper libero, sit amet adipiscing sem neque sed ipsum. Nullam sagittis. Ut a nisl id ante tempus hendrerit. Proin pretium, leo ac pellentesque mollis, felis nunc ultrices eros, sed gravida augue augue mollis justo. Praesent vestibulum dapibus nibh.</p>"}],"workflow_step":{"id":"7a535a69-ad34-47f8-806a-def1fdf4d391"},"item":{"id":"c559a4a9-ce8c-4e2a-838b-c169829602b4"},"language":{"id":"00000000-0000-0000-0000-000000000000"},"last_modified":"2020-05-12T05:52:06.5372592Z"},{"elements":[{"element":{"id":"af32d471-174b-42ad-a3e4-768ab6301703"},"value":"Verarbeitung von strukturierten Texten im MVC"},{"element":{"id":"5ef46717-4d44-43b7-86c9-34f98e0ad916"},"value":[{"id":"61bdfb39-cef7-4c16-9dc4-96c6be813aec"}]},{"element":{"id":"d1d79259-1d41-4e3c-ac60-76f286dd4737"},"value":"2017-11-30T00:00:00Z"},{"element":{"id":"837a485d-7a72-4ed3-980c-23e75aab826a"},"value":"https://kenticocloud.com/blog/structured-rich-text-rendering-in-mvc"},{"components":[],"element":{"id":"b04cfdf9-b08a-4baa-ac66-40b9e05c4194"},"value":"<p><br/></p>"}],"workflow_step":{"id":"7795f6b5-9a62-44bb-8a6a-73c294125aee"},"item":{"id":"c559a4a9-ce8c-4e2a-838b-c169829602b4"},"language":{"id":"196e4654-1636-4c74-a130-fd4813d84bcd"},"last_modified":"2018-11-01T09:59:39.8955803Z"},{"elements":[{"element":{"id":"af32d471-174b-42ad-a3e4-768ab6301703"},"value":"Vykreslování formátovaného textu v MVC"},{"element":{"id":"5ef46717-4d44-43b7-86c9-34f98e0ad916"},"value":[{"id":"61bdfb39-cef7-4c16-9dc4-96c6be813aec"}]},{"element":{"id":"d1d79259-1d41-4e3c-ac60-76f286dd4737"},"value":"2017-11-30T00:00:00Z"},{"element":{"id":"837a485d-7a72-4ed3-980c-23e75aab826a"},"value":"https://kenticocloud.com/blog/structured-rich-text-rendering-in-mvc"},{"components":[],"element":{"id":"b04cfdf9-b08a-4baa-ac66-40b9e05c4194"},"value":"<p><br/></p>"}],"workflow_step":{"id":"7795f6b5-9a62-44bb-8a6a-73c294125aee"},"item":{"id":"c559a4a9-ce8c-4e2a-838b-c169829602b4"},"language":{"id":"c2df3ce5-1dc3-478b-a9cf-eb567b917c94"},"last_modified":"2018-11-01T09:59:29.638529Z"},{"elements":[{"element":{"id":"af32d471-174b-42ad-a3e4-768ab6301703"},"value":"Project reference 3"},{"element":{"id":"5ef46717-4d44-43b7-86c9-34f98e0ad916"},"value":[{"id":"2e203418-9cb8-48e8-9f36-a6aae85cdc24"}]},{"element":{"id":"5825ac33-4445-4db3-a785-a1bce789d462"},"value":""},{"element":{"id":"7d59d872-b793-42f9-942a-e8404070d0ba"},"value":null},{"element":{"id":"dbc0260e-946d-4642-8f84-b8a48c064cdb"},"value":null},{"element":{"id":"3f76446a-5a14-458a-8495-8785d86d9b9d"},"value":[{"id":"7e70cb89-9281-4db9-8130-36076ee1e698"}]},{"mode":"autogenerated","element":{"id":"f7b93675-a807-406c-a3ba-d03dfbe14a63"},"value":"project-reference-3"},{"components":[],"element":{"id":"8d7fe592-b599-4aa0-b890-8f6f23478674"},"value":"<p><br/></p>"}],"workflow_step":{"id":"7795f6b5-9a62-44bb-8a6a-73c294125aee"},"item":{"id":"d5292758-7459-4c10-9807-9e56afad3e33"},"language":{"id":"00000000-0000-0000-0000-000000000000"},"last_modified":"2018-11-05T16:38:32.7969194Z"},{"elements":[{"element":{"id":"b1abf3d3-e372-482c-95d5-94d9379aefeb"},"value":"Local user group meeting"},{"element":{"id":"b1cd44e3-b4b9-4cd5-8e99-03504d285d17"},"value":"2018-07-01T00:00:00Z"},{"element":{"id":"93e2f6e2-41c1-4602-8b10-1e267f9b8b3d"},"value":[{"id":"c85a55b4-a33f-4dff-8c3f-c1be8009d14c"}]},{"element":{"id":"baaf3836-5aa7-4515-be42-0ee6b544b834"},"value":"Brno, Czechia"},{"mode":"autogenerated","element":{"id":"5d84de58-5246-4817-a821-7a9f19076997"},"value":"local-user-group-meeting"}],"workflow_step":{"id":"7795f6b5-9a62-44bb-8a6a-73c294125aee"},"item":{"id":"f75773ed-b44a-40fa-80dc-7c0f3421d2c1"},"language":{"id":"00000000-0000-0000-0000-000000000000"},"last_modified":"2018-05-29T12:14:06.4361733Z"},{"elements":[{"element":{"id":"b1abf3d3-e372-482c-95d5-94d9379aefeb"},"value":"Lokale Benutzergruppensitzung"},{"element":{"id":"b1cd44e3-b4b9-4cd5-8e99-03504d285d17"},"value":"2018-07-01T00:00:00Z"},{"element":{"id":"93e2f6e2-41c1-4602-8b10-1e267f9b8b3d"},"value":[{"id":"c85a55b4-a33f-4dff-8c3f-c1be8009d14c"}]},{"element":{"id":"baaf3836-5aa7-4515-be42-0ee6b544b834"},"value":"Brünn, Tschechien"},{"mode":"autogenerated","element":{"id":"5d84de58-5246-4817-a821-7a9f19076997"},"value":"lokale-benutzergruppensitzung"}],"workflow_step":{"id":"7795f6b5-9a62-44bb-8a6a-73c294125aee"},"item":{"id":"f75773ed-b44a-40fa-80dc-7c0f3421d2c1"},"language":{"id":"196e4654-1636-4c74-a130-fd4813d84bcd"},"last_modified":"2018-08-21T08:56:01.4708912Z"},{"elements":[{"element":{"id":"b1abf3d3-e372-482c-95d5-94d9379aefeb"},"value":"Místní user group"},{"element":{"id":"b1cd44e3-b4b9-4cd5-8e99-03504d285d17"},"value":"2018-07-01T00:00:00Z"},{"element":{"id":"93e2f6e2-41c1-4602-8b10-1e267f9b8b3d"},"value":[{"id":"c85a55b4-a33f-4dff-8c3f-c1be8009d14c"}]},{"element":{"id":"baaf3836-5aa7-4515-be42-0ee6b544b834"},"value":"Brno, Česká republika"},{"mode":"autogenerated","element":{"id":"5d84de58-5246-4817-a821-7a9f19076997"},"value":"mistni-user-group"}],"workflow_step":{"id":"7795f6b5-9a62-44bb-8a6a-73c294125aee"},"item":{"id":"f75773ed-b44a-40fa-80dc-7c0f3421d2c1"},"language":{"id":"c2df3ce5-1dc3-478b-a9cf-eb567b917c94"},"last_modified":"2018-09-06T12:53:33.9135602Z"},{"elements":[{"element":{"id":"af32d471-174b-42ad-a3e4-768ab6301703"},"value":"Kentico Kontent Completes SOC 2 Type 2 Examination"},{"element":{"id":"5ef46717-4d44-43b7-86c9-34f98e0ad916"},"value":[{"id":"6e8a1d49-7a73-4ad5-bab6-cb958fad9bd2"}]},{"element":{"id":"d1d79259-1d41-4e3c-ac60-76f286dd4737"},"value":"2020-04-06T00:00:00Z"},{"element":{"id":"837a485d-7a72-4ed3-980c-23e75aab826a"},"value":"https://kontent.ai/blog/kentico-kontent-completes-soc-2-type-2-examination"},{"components":[],"element":{"id":"b04cfdf9-b08a-4baa-ac66-40b9e05c4194"},"value":"<p>Etiam rhoncus. Praesent vestibulum dapibus nibh. Proin sapien ipsum, porta a, auctor quis, euismod ut, mi. Duis vel nibh at velit scelerisque suscipit. Nullam quis ante.</p>"}],"workflow_step":{"id":"7795f6b5-9a62-44bb-8a6a-73c294125aee"},"item":{"id":"a5f68d0f-6c6c-4845-b4d4-6bda702f0c1c"},"language":{"id":"00000000-0000-0000-0000-000000000000"},"last_modified":"2020-05-12T05:57:22.6735989Z"},{"elements":[{"element":{"id":"af32d471-174b-42ad-a3e4-768ab6301703"},"value":"The Rise of JAMstack"},{"element":{"id":"5ef46717-4d44-43b7-86c9-34f98e0ad916"},"value":[{"id":"61bdfb39-cef7-4c16-9dc4-96c6be813aec"}]},{"element":{"id":"d1d79259-1d41-4e3c-ac60-76f286dd4737"},"value":"2020-03-13T00:00:00Z"},{"element":{"id":"837a485d-7a72-4ed3-980c-23e75aab826a"},"value":"https://kontent.ai/blog/the-rise-of-jamstack"},{"components":[],"element":{"id":"b04cfdf9-b08a-4baa-ac66-40b9e05c4194"},"value":"<p>JAMstack has proven increasingly popular among developers over the past few years, with static sites becoming more commonplace since around 2015. As web design began to place higher importance on the developer experience, the term JAMstack was formed and has been gaining traction among the industry ever since. What’s behind that trend, and is it set to continue?</p>"}],"workflow_step":{"id":"7795f6b5-9a62-44bb-8a6a-73c294125aee"},"item":{"id":"82e8ac7f-4315-41ae-81a4-a1b4eb1e0406"},"language":{"id":"00000000-0000-0000-0000-000000000000"},"last_modified":"2020-05-12T05:59:46.3601652Z"}]