[{"id":"00000000-0000-0000-0000-000000000000","name":"Default project language","codename":"default","is_active":true,"is_default":true,"fallback_language":{"id":"00000000-0000-0000-0000-000000000000"}},{"id":"196e4654-1636-4c74-a130-fd4813d84bcd","name":"German","codename":"de-DE","is_active":true,"is_default":false,"fallback_language":{"id":"00000000-0000-0000-0000-000000000000"}},{"id":"c2df3ce5-1dc3-478b-a9cf-eb567b917c94","name":"Czech","codename":"cs-CZ","is_active":true,"is_default":false,"fallback_language":{"id":"00000000-0000-0000-0000-000000000000"}}]